"TSDate","serieNames","sales"
"2013-06-21","serie_1",1248
"2013-06-21","serie_2",695
"2013-06-22","serie_2",5
"2013-06-22","serie_1",0
"2013-06-23","serie_1",0
"2013-06-23","serie_2",5
"2013-06-24","serie_1",3393
"2013-06-24","serie_2",1775
"2013-06-25","serie_2",888
"2013-06-25","serie_1",1767
"2013-06-26","serie_1",1663
"2013-06-26","serie_2",879
"2013-06-27","serie_2",880
"2013-06-27","serie_1",1611
"2013-06-28","serie_1",1113
"2013-06-28","serie_2",602
"2013-06-29","serie_2",5
"2013-06-29","serie_1",0
"2013-06-30","serie_2",5
"2013-06-30","serie_1",0
"2013-07-01","serie_1",3220
"2013-07-01","serie_2",1630
"2013-07-02","serie_1",1947
"2013-07-02","serie_2",1051
"2013-07-03","serie_2",902
"2013-07-03","serie_1",1769
"2013-07-04","serie_1",1721
"2013-07-04","serie_2",872
"2013-07-05","serie_1",1107
"2013-07-05","serie_2",602
"2013-07-06","serie_1",0
"2013-07-06","serie_2",5
"2013-07-07","serie_1",0
"2013-07-07","serie_2",5
"2013-07-08","serie_2",1410
"2013-07-08","serie_1",2821
"2013-07-09","serie_1",1621
"2013-07-09","serie_2",827
"2013-07-10","serie_2",859
"2013-07-10","serie_1",1673
"2013-07-11","serie_1",1640
"2013-07-11","serie_2",820
"2013-07-12","serie_2",588
"2013-07-12","serie_1",1102
"2013-07-13","serie_2",5
"2013-07-13","serie_1",0
"2013-07-14","serie_1",0
"2013-07-14","serie_2",5
"2013-07-15","serie_2",1467
"2013-07-15","serie_1",2891
"2013-07-16","serie_2",776
"2013-07-16","serie_1",1610
"2013-07-17","serie_1",1537
"2013-07-17","serie_2",780
"2013-07-18","serie_1",1487
"2013-07-18","serie_2",695
"2013-07-19","serie_2",508
"2013-07-19","serie_1",1001
"2013-07-20","serie_1",0
"2013-07-20","serie_2",5
"2013-07-21","serie_1",0
"2013-07-21","serie_2",5
"2013-07-22","serie_1",2673
"2013-07-22","serie_2",1265
"2013-07-23","serie_2",712
"2013-07-23","serie_1",1504
"2013-07-24","serie_1",1600
"2013-07-24","serie_2",730
"2013-07-25","serie_1",1800
"2013-07-25","serie_2",736
"2013-07-26","serie_2",554
"2013-07-26","serie_1",1230
"2013-07-27","serie_1",0
"2013-07-27","serie_2",5
"2013-07-28","serie_1",0
"2013-07-28","serie_2",5
"2013-07-29","serie_2",1534
"2013-07-29","serie_1",3510
"2013-07-30","serie_1",2057
"2013-07-30","serie_2",860
"2013-07-31","serie_2",816
"2013-07-31","serie_1",1842
"2013-08-01","serie_2",715
"2013-08-01","serie_1",1564
"2013-08-02","serie_2",487
"2013-08-02","serie_1",1057
"2013-08-03","serie_2",5
"2013-08-03","serie_1",0
"2013-08-04","serie_1",0
"2013-08-04","serie_2",5
"2013-08-05","serie_1",2978
"2013-08-05","serie_2",1336
"2013-08-06","serie_2",790
"2013-08-06","serie_1",1681
"2013-08-07","serie_2",873
"2013-08-07","serie_1",1823
"2013-08-08","serie_1",1856
"2013-08-08","serie_2",810
"2013-08-09","serie_1",1209
"2013-08-09","serie_2",572
"2013-08-10","serie_1",0
"2013-08-10","serie_2",5
"2013-08-11","serie_1",0
"2013-08-11","serie_2",5
"2013-08-12","serie_1",3613
"2013-08-12","serie_2",1532
"2013-08-13","serie_1",1811
"2013-08-13","serie_2",873
"2013-08-14","serie_1",1544
"2013-08-14","serie_2",704
"2013-08-15","serie_2",620
"2013-08-15","serie_1",1420
"2013-08-16","serie_2",573
"2013-08-16","serie_1",1310
"2013-08-17","serie_2",5
"2013-08-17","serie_1",0
"2013-08-18","serie_2",5
"2013-08-18","serie_1",0
"2013-08-19","serie_1",3387
"2013-08-19","serie_2",1546
"2013-08-20","serie_1",1877
"2013-08-20","serie_2",854
"2013-08-21","serie_1",1794
"2013-08-21","serie_2",753
"2013-08-22","serie_1",1824
"2013-08-22","serie_2",814
"2013-08-23","serie_1",1390
"2013-08-23","serie_2",654
"2013-08-24","serie_2",5
"2013-08-24","serie_1",0
"2013-08-25","serie_1",0
"2013-08-25","serie_2",5
"2013-08-26","serie_2",1669
"2013-08-26","serie_1",3759
"2013-08-27","serie_1",1931
"2013-08-27","serie_2",855
"2013-08-28","serie_1",1945
"2013-08-28","serie_2",891
"2013-08-29","serie_1",1915
"2013-08-29","serie_2",874
"2013-08-30","serie_1",1379
"2013-08-30","serie_2",608
"2013-08-31","serie_1",0
"2013-08-31","serie_2",5
"2013-09-01","serie_2",5
"2013-09-01","serie_1",0
"2013-09-02","serie_2",1612
"2013-09-02","serie_1",3737
"2013-09-03","serie_2",856
"2013-09-03","serie_1",1932
"2013-09-04","serie_2",844
"2013-09-04","serie_1",1774
"2013-09-05","serie_2",787
"2013-09-05","serie_1",1689
"2013-09-06","serie_1",1232
"2013-09-06","serie_2",666
"2013-09-07","serie_2",5
"2013-09-07","serie_1",0
"2013-09-08","serie_1",0
"2013-09-08","serie_2",5
"2013-09-09","serie_1",3524
"2013-09-09","serie_2",1572
"2013-09-10","serie_2",822
"2013-09-10","serie_1",1913
"2013-09-11","serie_2",781
"2013-09-11","serie_1",1811
"2013-09-12","serie_2",772
"2013-09-12","serie_1",1843
"2013-09-13","serie_1",1186
"2013-09-13","serie_2",548
"2013-09-14","serie_2",5
"2013-09-14","serie_1",0
"2013-09-15","serie_2",5
"2013-09-15","serie_1",0
"2013-09-16","serie_2",1794
"2013-09-16","serie_1",3489
"2013-09-17","serie_1",1925
"2013-09-17","serie_2",757
"2013-09-18","serie_1",1747
"2013-09-18","serie_2",743
"2013-09-19","serie_2",707
"2013-09-19","serie_1",1722
"2013-09-20","serie_2",552
"2013-09-20","serie_1",1337
"2013-09-21","serie_2",5
"2013-09-21","serie_1",0
"2013-09-22","serie_2",5
"2013-09-22","serie_1",0
"2013-09-23","serie_2",1512
"2013-09-23","serie_1",3695
"2013-09-24","serie_2",914
"2013-09-24","serie_1",2100
"2013-09-25","serie_2",1109
"2013-09-25","serie_1",2222
"2013-09-26","serie_2",931
"2013-09-26","serie_1",2101
"2013-09-27","serie_1",1600
"2013-09-27","serie_2",693
"2013-09-28","serie_2",5
"2013-09-28","serie_1",0
"2013-09-29","serie_1",0
"2013-09-29","serie_2",5
"2013-09-30","serie_1",3993
"2013-09-30","serie_2",1565
"2013-10-01","serie_1",1984
"2013-10-01","serie_2",822
"2013-10-02","serie_1",1971
"2013-10-02","serie_2",771
"2013-10-03","serie_1",1931
"2013-10-03","serie_2",769
"2013-10-04","serie_2",571
"2013-10-04","serie_1",1411
"2013-10-05","serie_1",0
"2013-10-05","serie_2",5
"2013-10-06","serie_2",5
"2013-10-06","serie_1",0
"2013-10-07","serie_2",1341
"2013-10-07","serie_1",3558
"2013-10-08","serie_2",723
"2013-10-08","serie_1",1824
"2013-10-09","serie_1",1834
"2013-10-09","serie_2",735
"2013-10-10","serie_1",1926
"2013-10-10","serie_2",760
"2013-10-11","serie_1",1286
"2013-10-11","serie_2",532
"2013-10-12","serie_2",5
"2013-10-12","serie_1",0
"2013-10-13","serie_2",5
"2013-10-13","serie_1",0
"2013-10-14","serie_2",1330
"2013-10-14","serie_1",3593
"2013-10-15","serie_1",1925
"2013-10-15","serie_2",730
"2013-10-16","serie_1",1819
"2013-10-16","serie_2",726
"2013-10-17","serie_1",1812
"2013-10-17","serie_2",702
"2013-10-18","serie_1",1324
"2013-10-18","serie_2",516
"2013-10-19","serie_1",0
"2013-10-19","serie_2",5
"2013-10-20","serie_1",0
"2013-10-20","serie_2",5
"2013-10-21","serie_2",1259
"2013-10-21","serie_1",3368
"2013-10-22","serie_2",691
"2013-10-22","serie_1",1766
"2013-10-23","serie_1",1891
"2013-10-23","serie_2",713
"2013-10-24","serie_2",727
"2013-10-24","serie_1",1995
"2013-10-25","serie_1",1509
"2013-10-25","serie_2",609
"2013-10-26","serie_1",0
"2013-10-26","serie_2",5
"2013-10-27","serie_2",5
"2013-10-27","serie_1",0
"2013-10-28","serie_2",1490
"2013-10-28","serie_1",3966
"2013-10-29","serie_1",2213
"2013-10-29","serie_2",807
"2013-10-30","serie_1",2187
"2013-10-30","serie_2",866
"2013-10-31","serie_2",695
"2013-10-31","serie_1",1670
"2013-11-01","serie_1",1274
"2013-11-01","serie_2",561
"2013-11-02","serie_1",0
"2013-11-02","serie_2",5
"2013-11-03","serie_2",5
"2013-11-03","serie_1",0
"2013-11-04","serie_1",4143
"2013-11-04","serie_2",1786
"2013-11-05","serie_2",847
"2013-11-05","serie_1",2228
"2013-11-06","serie_1",2133
"2013-11-06","serie_2",858
"2013-11-07","serie_1",2086
"2013-11-07","serie_2",808
"2013-11-08","serie_1",1390
"2013-11-08","serie_2",550
"2013-11-09","serie_1",0
"2013-11-09","serie_2",5
"2013-11-10","serie_2",5
"2013-11-10","serie_1",0
"2013-11-11","serie_1",3222
"2013-11-11","serie_2",1228
"2013-11-12","serie_2",820
"2013-11-12","serie_1",2160
"2013-11-13","serie_2",784
"2013-11-13","serie_1",2054
"2013-11-14","serie_2",817
"2013-11-14","serie_1",2116
"2013-11-15","serie_2",546
"2013-11-15","serie_1",1366
"2013-11-16","serie_2",5
"2013-11-16","serie_1",0
"2013-11-17","serie_2",5
"2013-11-17","serie_1",0
"2013-11-18","serie_1",3744
"2013-11-18","serie_2",1537
"2013-11-19","serie_2",832
"2013-11-19","serie_1",2150
"2013-11-20","serie_1",2042
"2013-11-20","serie_2",853
"2013-11-21","serie_1",2052
"2013-11-21","serie_2",822
"2013-11-22","serie_1",1602
"2013-11-22","serie_2",648
"2013-11-23","serie_1",0
"2013-11-23","serie_2",5
"2013-11-24","serie_2",884
"2013-11-24","serie_1",2300
"2013-11-25","serie_2",951
"2013-11-25","serie_1",2406
"2013-11-26","serie_2",908
"2013-11-26","serie_1",2202
"2013-11-27","serie_1",2364
"2013-11-27","serie_2",958
"2013-11-28","serie_1",2474
"2013-11-28","serie_2",1094
"2013-11-29","serie_1",1839
"2013-11-29","serie_2",799
"2013-11-30","serie_1",0
"2013-11-30","serie_2",5
"2013-12-01","serie_1",2583
"2013-12-01","serie_2",1063
"2013-12-02","serie_2",1158
"2013-12-02","serie_1",2903
"2013-12-03","serie_2",1038
"2013-12-03","serie_1",2507
"2013-12-04","serie_2",1017
"2013-12-04","serie_1",2360
"2013-12-05","serie_1",2277
"2013-12-05","serie_2",925
"2013-12-06","serie_1",1733
"2013-12-06","serie_2",826
"2013-12-07","serie_2",5
"2013-12-07","serie_1",0
"2013-12-08","serie_1",2758
"2013-12-08","serie_2",1105
"2013-12-09","serie_1",2794
"2013-12-09","serie_2",1127
"2013-12-10","serie_1",2399
"2013-12-10","serie_2",986
"2013-12-11","serie_2",1110
"2013-12-11","serie_1",2406
"2013-12-12","serie_1",2460
"2013-12-12","serie_2",1033
"2013-12-13","serie_2",781
"2013-12-13","serie_1",1865
"2013-12-14","serie_1",0
"2013-12-14","serie_2",5
"2013-12-15","serie_2",1289
"2013-12-15","serie_1",3028
"2013-12-16","serie_1",3273
"2013-12-16","serie_2",1382
"2013-12-17","serie_2",1476
"2013-12-17","serie_1",3468
"2013-12-18","serie_1",3181
"2013-12-18","serie_2",1416
"2013-12-19","serie_2",1457
"2013-12-19","serie_1",3360
"2013-12-20","serie_2",1199
"2013-12-20","serie_1",2654
"2013-12-21","serie_2",5
"2013-12-21","serie_1",0
"2013-12-22","serie_2",1767
"2013-12-22","serie_1",4614
"2013-12-23","serie_1",4653
"2013-12-23","serie_2",2106
"2013-12-24","serie_1",1006
"2013-12-24","serie_2",360
"2013-12-25","serie_1",1
"2013-12-25","serie_2",5
"2013-12-26","serie_1",1647
"2013-12-26","serie_2",892
"2013-12-27","serie_2",1327
"2013-12-27","serie_1",3850
"2013-12-28","serie_2",5
"2013-12-28","serie_1",0
"2013-12-29","serie_1",3554
"2013-12-29","serie_2",1226
"2013-12-30","serie_1",3389
"2013-12-30","serie_2",1232
"2013-12-31","serie_1",1025
"2013-12-31","serie_2",356
"2014-01-01","serie_1",0
"2014-01-01","serie_2",5
"2014-01-02","serie_1",4119
"2014-01-02","serie_2",1526
"2014-01-03","serie_1",2354
"2014-01-03","serie_2",830
"2014-01-04","serie_1",0
"2014-01-04","serie_2",5
"2014-01-05","serie_2",1065
"2014-01-05","serie_1",2937
"2014-01-06","serie_1",2731
"2014-01-06","serie_2",1025
"2014-01-07","serie_1",2380
"2014-01-07","serie_2",896
"2014-01-08","serie_2",948
"2014-01-08","serie_1",2416
"2014-01-09","serie_1",2556
"2014-01-09","serie_2",998
"2014-01-10","serie_2",661
"2014-01-10","serie_1",1867
"2014-01-11","serie_2",5
"2014-01-11","serie_1",0
"2014-01-12","serie_2",941
"2014-01-12","serie_1",2657
"2014-01-13","serie_2",909
"2014-01-13","serie_1",2508
"2014-01-14","serie_2",842
"2014-01-14","serie_1",2440
"2014-01-15","serie_2",906
"2014-01-15","serie_1",2381
"2014-01-16","serie_1",2381
"2014-01-16","serie_2",930
"2014-01-17","serie_1",1849
"2014-01-17","serie_2",648
"2014-01-18","serie_1",0
"2014-01-18","serie_2",5
"2014-01-19","serie_2",924
"2014-01-19","serie_1",2608
"2014-01-20","serie_2",934
"2014-01-20","serie_1",2501
"2014-01-21","serie_2",838
"2014-01-21","serie_1",2234
"2014-01-22","serie_2",832
"2014-01-22","serie_1",2290
"2014-01-23","serie_2",849
"2014-01-23","serie_1",2328
"2014-01-24","serie_1",1881
"2014-01-24","serie_2",673
"2014-01-25","serie_1",0
"2014-01-25","serie_2",5
"2014-01-26","serie_2",935
"2014-01-26","serie_1",2455
"2014-01-27","serie_1",2484
"2014-01-27","serie_2",907
"2014-01-28","serie_1",2371
"2014-01-28","serie_2",874
"2014-01-29","serie_1",2349
"2014-01-29","serie_2",877
"2014-01-30","serie_2",862
"2014-01-30","serie_1",2552
"2014-01-31","serie_1",1710
"2014-01-31","serie_2",650
"2014-02-01","serie_2",5
"2014-02-01","serie_1",0
"2014-02-02","serie_1",2382
"2014-02-02","serie_2",876
"2014-02-03","serie_1",2312
"2014-02-03","serie_2",816
"2014-02-04","serie_1",2205
"2014-02-04","serie_2",760
"2014-02-05","serie_2",849
"2014-02-05","serie_1",2243
"2014-02-06","serie_1",2270
"2014-02-06","serie_2",854
"2014-02-07","serie_1",1738
"2014-02-07","serie_2",602
"2014-02-08","serie_2",5
"2014-02-08","serie_1",0
"2014-02-09","serie_1",2507
"2014-02-09","serie_2",868
"2014-02-10","serie_1",2404
"2014-02-10","serie_2",861
"2014-02-11","serie_2",825
"2014-02-11","serie_1",2143
"2014-02-12","serie_1",2131
"2014-02-12","serie_2",850
"2014-02-13","serie_2",850
"2014-02-13","serie_1",2328
"2014-02-14","serie_1",1613
"2014-02-14","serie_2",587
"2014-02-15","serie_1",0
"2014-02-15","serie_2",5
"2014-02-16","serie_1",2272
"2014-02-16","serie_2",798
"2014-02-17","serie_1",2290
"2014-02-17","serie_2",846
"2014-02-18","serie_2",741
"2014-02-18","serie_1",2034
"2014-02-19","serie_2",737
"2014-02-19","serie_1",1903
"2014-02-20","serie_2",778
"2014-02-20","serie_1",2083
"2014-02-21","serie_1",1595
"2014-02-21","serie_2",564
"2014-02-22","serie_1",0
"2014-02-22","serie_2",5
"2014-02-23","serie_1",2156
"2014-02-23","serie_2",754
"2014-02-24","serie_2",855
"2014-02-24","serie_1",2313
"2014-02-25","serie_1",2107
"2014-02-25","serie_2",787
"2014-02-26","serie_1",2218
"2014-02-26","serie_2",813
"2014-02-27","serie_2",780
"2014-02-27","serie_1",2176
"2014-02-28","serie_2",581
"2014-02-28","serie_1",1566
"2014-03-01","serie_1",0
"2014-03-01","serie_2",5
"2014-03-02","serie_2",772
"2014-03-02","serie_1",2295
"2014-03-03","serie_2",834
"2014-03-03","serie_1",2327
"2014-03-04","serie_2",771
"2014-03-04","serie_1",2106
"2014-03-05","serie_2",748
"2014-03-05","serie_1",2021
"2014-03-06","serie_1",2254
"2014-03-06","serie_2",785
"2014-03-07","serie_2",559
"2014-03-07","serie_1",1627
"2014-03-08","serie_1",0
"2014-03-08","serie_2",5
"2014-03-09","serie_1",1898
"2014-03-09","serie_2",650
"2014-03-10","serie_2",768
"2014-03-10","serie_1",2183
"2014-03-11","serie_1",2096
"2014-03-11","serie_2",722
"2014-03-12","serie_1",1987
"2014-03-12","serie_2",718
"2014-03-13","serie_2",726
"2014-03-13","serie_1",2050
"2014-03-14","serie_1",1568
"2014-03-14","serie_2",520
"2014-03-15","serie_1",0
"2014-03-15","serie_2",5
"2014-03-16","serie_1",2243
"2014-03-16","serie_2",772
"2014-03-17","serie_1",2375
"2014-03-17","serie_2",769
"2014-03-18","serie_1",2116
"2014-03-18","serie_2",723
"2014-03-19","serie_1",1972
"2014-03-19","serie_2",685
"2014-03-20","serie_1",2001
"2014-03-20","serie_2",697
"2014-03-21","serie_2",655
"2014-03-21","serie_1",2047
"2014-03-22","serie_1",2
"2014-03-22","serie_2",5
"2014-03-23","serie_2",1093
"2014-03-23","serie_1",3173
"2014-03-24","serie_2",1024
"2014-03-24","serie_1",3002
"2014-03-25","serie_1",2796
"2014-03-25","serie_2",907
"2014-03-26","serie_1",2843
"2014-03-26","serie_2",946
"2014-03-27","serie_2",978
"2014-03-27","serie_1",2999
"2014-03-28","serie_1",2156
"2014-03-28","serie_2",744
"2014-03-29","serie_2",5
"2014-03-29","serie_1",0
"2014-03-30","serie_2",903
"2014-03-30","serie_1",2811
"2014-03-31","serie_1",2711
"2014-03-31","serie_2",919
"2014-04-01","serie_2",753
"2014-04-01","serie_1",2291
"2014-04-02","serie_1",2262
"2014-04-02","serie_2",780
"2014-04-03","serie_1",2355
"2014-04-03","serie_2",846
"2014-04-04","serie_2",614
"2014-04-04","serie_1",1740
"2014-04-05","serie_1",0
"2014-04-05","serie_2",5
"2014-04-06","serie_2",820
"2014-04-06","serie_1",2448
"2014-04-07","serie_2",903
"2014-04-07","serie_1",2576
"2014-04-08","serie_1",2527
"2014-04-08","serie_2",830
"2014-04-09","serie_1",2223
"2014-04-09","serie_2",807
"2014-04-10","serie_1",2266
"2014-04-10","serie_2",812
"2014-04-11","serie_2",653
"2014-04-11","serie_1",1763
"2014-04-12","serie_1",0
"2014-04-12","serie_2",5
"2014-04-13","serie_2",766
"2014-04-13","serie_1",2254
"2014-04-14","serie_2",914
"2014-04-14","serie_1",2586
"2014-04-15","serie_1",2261
"2014-04-15","serie_2",830
"2014-04-16","serie_1",2189
"2014-04-16","serie_2",871
"2014-04-17","serie_2",805
"2014-04-17","serie_1",2309
"2014-04-18","serie_1",1738
"2014-04-18","serie_2",631
"2014-04-19","serie_2",5
"2014-04-19","serie_1",0
"2014-04-20","serie_2",5
"2014-04-20","serie_1",0
"2014-04-21","serie_1",2696
"2014-04-21","serie_2",1000
"2014-04-22","serie_2",946
"2014-04-22","serie_1",2467
"2014-04-23","serie_2",836
"2014-04-23","serie_1",2260
"2014-04-24","serie_2",895
"2014-04-24","serie_1",2392
"2014-04-25","serie_1",1233
"2014-04-25","serie_2",474
"2014-04-26","serie_2",5
"2014-04-26","serie_1",0
"2014-04-27","serie_1",2322
"2014-04-27","serie_2",838
"2014-04-28","serie_1",3116
"2014-04-28","serie_2",1134
"2014-04-29","serie_1",2645
"2014-04-29","serie_2",958
"2014-04-30","serie_1",2294
"2014-04-30","serie_2",822
"2014-05-01","serie_1",1754
"2014-05-01","serie_2",693
"2014-05-02","serie_2",735
"2014-05-02","serie_1",2322
"2014-05-03","serie_2",5
"2014-05-03","serie_1",0
"2014-05-04","serie_1",3155
"2014-05-04","serie_2",874
"2014-05-05","serie_1",2967
"2014-05-05","serie_2",943
"2014-05-06","serie_2",934
"2014-05-06","serie_1",2684
"2014-05-07","serie_1",2999
"2014-05-07","serie_2",992
"2014-05-08","serie_2",1012
"2014-05-08","serie_1",2954
"2014-05-09","serie_1",2324
"2014-05-09","serie_2",749
"2014-05-10","serie_2",320
"2014-05-10","serie_1",801
"2014-05-11","serie_1",2359
"2014-05-11","serie_2",728
"2014-05-12","serie_1",2992
"2014-05-12","serie_2",971
"2014-05-13","serie_2",836
"2014-05-13","serie_1",2543
"2014-05-14","serie_1",2697
"2014-05-14","serie_2",915
"2014-05-15","serie_1",2503
"2014-05-15","serie_2",876
"2014-05-16","serie_2",598
"2014-05-16","serie_1",1796
"2014-05-17","serie_2",5
"2014-05-17","serie_1",0
"2014-05-18","serie_2",742
"2014-05-18","serie_1",2073
"2014-05-19","serie_1",2553
"2014-05-19","serie_2",884
"2014-05-20","serie_2",826
"2014-05-20","serie_1",2480
"2014-05-21","serie_2",901
"2014-05-21","serie_1",2659
"2014-05-22","serie_1",2765
"2014-05-22","serie_2",888
"2014-05-23","serie_1",2302
"2014-05-23","serie_2",769
"2014-05-24","serie_1",0
"2014-05-24","serie_2",5
"2014-05-25","serie_1",3015
"2014-05-25","serie_2",1014
"2014-05-26","serie_2",1278
"2014-05-26","serie_1",3546
"2014-05-27","serie_1",3463
"2014-05-27","serie_2",1108
"2014-05-28","serie_2",797
"2014-05-28","serie_1",2481
"2014-05-29","serie_2",5
"2014-05-29","serie_1",0
"2014-05-30","serie_1",4475
"2014-05-30","serie_2",1362
"2014-05-31","serie_2",5
"2014-05-31","serie_1",0
"2014-06-01","serie_2",972
"2014-06-01","serie_1",3065
"2014-06-02","serie_2",1104
"2014-06-02","serie_1",3467
"2014-06-03","serie_2",1004
"2014-06-03","serie_1",3222
"2014-06-04","serie_1",3378
"2014-06-04","serie_2",1074
"2014-06-05","serie_2",1004
"2014-06-05","serie_1",3123
"2014-06-06","serie_2",724
"2014-06-06","serie_1",2189
"2014-06-07","serie_1",0
"2014-06-07","serie_2",5
"2014-06-08","serie_1",841
"2014-06-08","serie_2",444
"2014-06-09","serie_1",2649
"2014-06-09","serie_2",773
"2014-06-10","serie_1",3446
"2014-06-10","serie_2",1138
"2014-06-11","serie_2",1030
"2014-06-11","serie_1",3243
"2014-06-12","serie_2",1012
"2014-06-12","serie_1",3071
"2014-06-13","serie_2",653
"2014-06-13","serie_1",1993
"2014-06-14","serie_2",292
"2014-06-14","serie_1",747
"2014-06-15","serie_1",2400
"2014-06-15","serie_2",750
"2014-06-16","serie_2",1080
"2014-06-16","serie_1",3430
"2014-06-17","serie_2",896
"2014-06-17","serie_1",2426
"2014-06-18","serie_2",848
"2014-06-18","serie_1",2445
"2014-06-19","serie_2",910
"2014-06-19","serie_1",2630
"2014-06-20","serie_1",2096
"2014-06-20","serie_2",716
"2014-06-21","serie_2",5
"2014-06-21","serie_1",0
"2014-06-22","serie_2",994
"2014-06-22","serie_1",2786
"2014-06-23","serie_2",1058
"2014-06-23","serie_1",2937
"2014-06-24","serie_1",2614
"2014-06-24","serie_2",1020
"2014-06-25","serie_2",1048
"2014-06-25","serie_1",2836
"2014-06-26","serie_1",2631
"2014-06-26","serie_2",923
"2014-06-27","serie_2",710
"2014-06-27","serie_1",1982
"2014-06-28","serie_2",193
"2014-06-28","serie_1",593
"2014-06-29","serie_2",889
"2014-06-29","serie_1",2443
"2014-06-30","serie_1",3262
"2014-06-30","serie_2",1185
"2014-07-01","serie_2",1046
"2014-07-01","serie_1",2783
"2014-07-02","serie_1",2909
"2014-07-02","serie_2",1058
"2014-07-03","serie_1",3006
"2014-07-03","serie_2",1068
"2014-07-04","serie_1",2147
"2014-07-04","serie_2",749
"2014-07-05","serie_2",5
"2014-07-05","serie_1",0
"2014-07-06","serie_1",3085
"2014-07-06","serie_2",1184
"2014-07-07","serie_1",3589
"2014-07-07","serie_2",1243
"2014-07-08","serie_2",1282
"2014-07-08","serie_1",3110
"2014-07-09","serie_1",3023
"2014-07-09","serie_2",1175
"2014-07-10","serie_1",2763
"2014-07-10","serie_2",1071
"2014-07-11","serie_1",2343
"2014-07-11","serie_2",775
"2014-07-12","serie_1",0
"2014-07-12","serie_2",5
"2014-07-13","serie_1",3410
"2014-07-13","serie_2",1265
"2014-07-14","serie_1",3531
"2014-07-14","serie_2",1239
"2014-07-15","serie_2",1057
"2014-07-15","serie_1",3039
"2014-07-16","serie_1",3025
"2014-07-16","serie_2",1048
"2014-07-17","serie_2",919
"2014-07-17","serie_1",2798
"2014-07-18","serie_2",638
"2014-07-18","serie_1",1878
"2014-07-19","serie_1",0
"2014-07-19","serie_2",5
"2014-07-20","serie_1",2648
"2014-07-20","serie_2",891
"2014-07-21","serie_1",2842
"2014-07-21","serie_2",904
"2014-07-22","serie_1",2931
"2014-07-22","serie_2",1021
"2014-07-23","serie_2",935
"2014-07-23","serie_1",2837
"2014-07-24","serie_2",955
"2014-07-24","serie_1",2960
"2014-07-25","serie_2",746
"2014-07-25","serie_1",2332
"2014-07-26","serie_1",0
"2014-07-26","serie_2",5
"2014-07-27","serie_1",3085
"2014-07-27","serie_2",1072
"2014-07-28","serie_1",3592
"2014-07-28","serie_2",1186
"2014-07-29","serie_2",1116
"2014-07-29","serie_1",3115
"2014-07-30","serie_2",1113
"2014-07-30","serie_1",3282
"2014-07-31","serie_1",3280
"2014-07-31","serie_2",1112
"2014-08-01","serie_2",757
"2014-08-01","serie_1",2161
"2014-08-02","serie_2",5
"2014-08-02","serie_1",0
"2014-08-03","serie_1",3112
"2014-08-03","serie_2",1045
"2014-08-04","serie_2",1159
"2014-08-04","serie_1",3637
"2014-08-05","serie_2",984
"2014-08-05","serie_1",2834
"2014-08-06","serie_1",3216
"2014-08-06","serie_2",1134
"2014-08-07","serie_1",3101
"2014-08-07","serie_2",1023
"2014-08-08","serie_1",2538
"2014-08-08","serie_2",794
"2014-08-09","serie_1",0
"2014-08-09","serie_2",5
"2014-08-10","serie_2",1056
"2014-08-10","serie_1",3498
"2014-08-11","serie_1",4008
"2014-08-11","serie_2",1419
"2014-08-12","serie_2",1082
"2014-08-12","serie_1",3063
"2014-08-13","serie_1",3317
"2014-08-13","serie_2",1090
"2014-08-14","serie_1",2581
"2014-08-14","serie_2",847
"2014-08-15","serie_1",2082
"2014-08-15","serie_2",617
"2014-08-16","serie_2",5
"2014-08-16","serie_1",0
"2014-08-17","serie_1",4183
"2014-08-17","serie_2",1273
"2014-08-18","serie_1",3759
"2014-08-18","serie_2",1195
"2014-08-19","serie_2",1055
"2014-08-19","serie_1",3291
"2014-08-20","serie_1",3395
"2014-08-20","serie_2",1075
"2014-08-21","serie_1",3151
"2014-08-21","serie_2",1030
"2014-08-22","serie_1",2668
"2014-08-22","serie_2",863
"2014-08-23","serie_1",0
"2014-08-23","serie_2",5
"2014-08-24","serie_1",3586
"2014-08-24","serie_2",1229
"2014-08-25","serie_2",1282
"2014-08-25","serie_1",3910
"2014-08-26","serie_1",3544
"2014-08-26","serie_2",1171
"2014-08-27","serie_1",3437
"2014-08-27","serie_2",1128
"2014-08-28","serie_1",3442
"2014-08-28","serie_2",1112
"2014-08-29","serie_1",2751
"2014-08-29","serie_2",810
"2014-08-30","serie_1",2423
"2014-08-30","serie_2",763
"2014-08-31","serie_1",2845
"2014-08-31","serie_2",787
"2014-09-01","serie_1",3738
"2014-09-01","serie_2",1160
"2014-09-02","serie_1",3133
"2014-09-02","serie_2",1018
"2014-09-03","serie_2",1067
"2014-09-03","serie_1",3228
"2014-09-04","serie_1",2889
"2014-09-04","serie_2",1107
"2014-09-05","serie_2",730
"2014-09-05","serie_1",2146
"2014-09-06","serie_1",1736
"2014-09-06","serie_2",549
"2014-09-07","serie_2",709
"2014-09-07","serie_1",2174
"2014-09-08","serie_1",3284
"2014-09-08","serie_2",1152
"2014-09-09","serie_2",961
"2014-09-09","serie_1",2840
"2014-09-10","serie_2",968
"2014-09-10","serie_1",2918
"2014-09-11","serie_2",958
"2014-09-11","serie_1",2914
"2014-09-12","serie_1",2134
"2014-09-12","serie_2",687
"2014-09-13","serie_2",492
"2014-09-13","serie_1",1384
"2014-09-14","serie_2",660
"2014-09-14","serie_1",2112
"2014-09-15","serie_2",1013
"2014-09-15","serie_1",3029
"2014-09-16","serie_2",946
"2014-09-16","serie_1",2840
"2014-09-17","serie_2",898
"2014-09-17","serie_1",2690
"2014-09-18","serie_1",2664
"2014-09-18","serie_2",872
"2014-09-19","serie_2",763
"2014-09-19","serie_1",2565
"2014-09-20","serie_1",1902
"2014-09-20","serie_2",553
"2014-09-21","serie_1",2741
"2014-09-21","serie_2",811
"2014-09-22","serie_2",1145
"2014-09-22","serie_1",3929
"2014-09-23","serie_1",3280
"2014-09-23","serie_2",1053
"2014-09-24","serie_2",1477
"2014-09-24","serie_1",3847
"2014-09-25","serie_1",3641
"2014-09-25","serie_2",1284
"2014-09-26","serie_1",3094
"2014-09-26","serie_2",1043
"2014-09-27","serie_2",635
"2014-09-27","serie_1",1829
"2014-09-28","serie_2",916
"2014-09-28","serie_1",3019
"2014-09-29","serie_2",1174
"2014-09-29","serie_1",3713
"2014-09-30","serie_2",996
"2014-09-30","serie_1",3143
"2014-10-01","serie_2",1029
"2014-10-01","serie_1",3136
"2014-10-02","serie_1",3100
"2014-10-02","serie_2",1013
"2014-10-03","serie_2",762
"2014-10-03","serie_1",2267
"2014-10-04","serie_1",1396
"2014-10-04","serie_2",516
"2014-10-05","serie_1",2447
"2014-10-05","serie_2",723
"2014-10-06","serie_1",3220
"2014-10-06","serie_2",1110
"2014-10-07","serie_2",966
"2014-10-07","serie_1",2886
"2014-10-08","serie_2",993
"2014-10-08","serie_1",3039
"2014-10-09","serie_1",2869
"2014-10-09","serie_2",982
"2014-10-10","serie_2",723
"2014-10-10","serie_1",2190
"2014-10-11","serie_1",1656
"2014-10-11","serie_2",551
"2014-10-12","serie_1",2196
"2014-10-12","serie_2",674
"2014-10-13","serie_1",3299
"2014-10-13","serie_2",996
"2014-10-14","serie_2",904
"2014-10-14","serie_1",2722
"2014-10-15","serie_1",2894
"2014-10-15","serie_2",898
"2014-10-16","serie_1",2896
"2014-10-16","serie_2",903
"2014-10-17","serie_2",713
"2014-10-17","serie_1",2297
"2014-10-18","serie_1",1331
"2014-10-18","serie_2",434
"2014-10-19","serie_1",2104
"2014-10-19","serie_2",674
"2014-10-20","serie_1",3244
"2014-10-20","serie_2",1026
"2014-10-21","serie_2",907
"2014-10-21","serie_1",2824
"2014-10-22","serie_1",2830
"2014-10-22","serie_2",926
"2014-10-23","serie_2",914
"2014-10-23","serie_1",2843
"2014-10-24","serie_2",770
"2014-10-24","serie_1",2540
"2014-10-25","serie_1",1739
"2014-10-25","serie_2",520
"2014-10-26","serie_2",730
"2014-10-26","serie_1",2464
"2014-10-27","serie_2",1011
"2014-10-27","serie_1",3255
"2014-10-28","serie_2",915
"2014-10-28","serie_1",2790
"2014-10-29","serie_1",3219
"2014-10-29","serie_2",998
"2014-10-30","serie_2",1020
"2014-10-30","serie_1",3122
"2014-10-31","serie_2",687
"2014-10-31","serie_1",2215
"2014-11-01","serie_2",440
"2014-11-01","serie_1",1350
"2014-11-02","serie_1",2323
"2014-11-02","serie_2",789
"2014-11-03","serie_2",1110
"2014-11-03","serie_1",3414
"2014-11-04","serie_2",974
"2014-11-04","serie_1",2823
"2014-11-05","serie_1",2760
"2014-11-05","serie_2",958
"2014-11-06","serie_2",1036
"2014-11-06","serie_1",2861
"2014-11-07","serie_1",2299
"2014-11-07","serie_2",789
"2014-11-08","serie_2",528
"2014-11-08","serie_1",1618
"2014-11-09","serie_1",2258
"2014-11-09","serie_2",714
"2014-11-10","serie_1",2821
"2014-11-10","serie_2",923
"2014-11-11","serie_1",2402
"2014-11-11","serie_2",763
"2014-11-12","serie_2",1037
"2014-11-12","serie_1",2924
"2014-11-13","serie_2",980
"2014-11-13","serie_1",2835
"2014-11-14","serie_1",2317
"2014-11-14","serie_2",765
"2014-11-15","serie_1",1731
"2014-11-15","serie_2",541
"2014-11-16","serie_1",2551
"2014-11-16","serie_2",775
"2014-11-17","serie_2",1222
"2014-11-17","serie_1",3449
"2014-11-18","serie_2",1008
"2014-11-18","serie_1",3074
"2014-11-19","serie_2",1082
"2014-11-19","serie_1",3346
"2014-11-20","serie_2",1112
"2014-11-20","serie_1",3266
"2014-11-21","serie_1",2639
"2014-11-21","serie_2",831
"2014-11-22","serie_1",1776
"2014-11-22","serie_2",614
"2014-11-23","serie_1",2815
"2014-11-23","serie_2",862
"2014-11-24","serie_1",4443
"2014-11-24","serie_2",1369
"2014-11-25","serie_1",4084
"2014-11-25","serie_2",1222
"2014-11-26","serie_2",1303
"2014-11-26","serie_1",4470
"2014-11-27","serie_2",1314
"2014-11-27","serie_1",4575
"2014-11-28","serie_2",1072
"2014-11-28","serie_1",3711
"2014-11-29","serie_2",926
"2014-11-29","serie_1",3141
"2014-11-30","serie_2",1116
"2014-11-30","serie_1",3835
"2014-12-01","serie_1",5432
"2014-12-01","serie_2",1691
"2014-12-02","serie_1",4683
"2014-12-02","serie_2",1465
"2014-12-03","serie_2",1463
"2014-12-03","serie_1",4665
"2014-12-04","serie_2",1336
"2014-12-04","serie_1",4218
"2014-12-05","serie_1",2796
"2014-12-05","serie_2",912
"2014-12-06","serie_2",682
"2014-12-06","serie_1",2046
"2014-12-07","serie_1",3213
"2014-12-07","serie_2",1025
"2014-12-08","serie_1",4030
"2014-12-08","serie_2",1413
"2014-12-09","serie_1",3495
"2014-12-09","serie_2",1247
"2014-12-10","serie_2",1374
"2014-12-10","serie_1",3884
"2014-12-11","serie_1",4079
"2014-12-11","serie_2",1368
"2014-12-12","serie_2",1042
"2014-12-12","serie_1",3410
"2014-12-13","serie_1",2614
"2014-12-13","serie_2",829
"2014-12-14","serie_2",1233
"2014-12-14","serie_1",3833
"2014-12-15","serie_1",5694
"2014-12-15","serie_2",1816
"2014-12-16","serie_2",1683
"2014-12-16","serie_1",5180
"2014-12-17","serie_2",1825
"2014-12-17","serie_1",5668
"2014-12-18","serie_1",5596
"2014-12-18","serie_2",1819
"2014-12-19","serie_1",5179
"2014-12-19","serie_2",1548
"2014-12-20","serie_2",1250
"2014-12-20","serie_1",4340
"2014-12-21","serie_1",6564
"2014-12-21","serie_2",1942
"2014-12-22","serie_1",8448
"2014-12-22","serie_2",2693
"2014-12-23","serie_2",2013
"2014-12-23","serie_1",6543
"2014-12-24","serie_2",390
"2014-12-24","serie_1",1312
"2014-12-25","serie_1",0
"2014-12-25","serie_2",5
"2014-12-26","serie_2",1475
"2014-12-26","serie_1",5024
"2014-12-27","serie_2",837
"2014-12-27","serie_1",3373
"2014-12-28","serie_2",1036
"2014-12-28","serie_1",4237
"2014-12-29","serie_1",6072
"2014-12-29","serie_2",1576
"2014-12-30","serie_1",4379
"2014-12-30","serie_2",1248
"2014-12-31","serie_1",1427
"2014-12-31","serie_2",451
"2015-01-01","serie_2",400
"2015-01-01","serie_1",1484
"2015-01-02","serie_2",1266
"2015-01-02","serie_1",4948
"2015-01-03","serie_1",3450
"2015-01-03","serie_2",933
"2015-01-04","serie_1",3598
"2015-01-04","serie_2",943
"2015-01-05","serie_2",1323
"2015-01-05","serie_1",4691
"2015-01-06","serie_2",1170
"2015-01-06","serie_1",3667
"2015-01-07","serie_2",1194
"2015-01-07","serie_1",3770
"2015-01-08","serie_1",4117
"2015-01-08","serie_2",1175
"2015-01-09","serie_1",3376
"2015-01-09","serie_2",878
"2015-01-10","serie_1",2767
"2015-01-10","serie_2",795
"2015-01-11","serie_2",914
"2015-01-11","serie_1",3116
"2015-01-12","serie_1",4179
"2015-01-12","serie_2",1244
"2015-01-13","serie_2",1085
"2015-01-13","serie_1",3613
"2015-01-14","serie_2",1103
"2015-01-14","serie_1",3838
"2015-01-15","serie_2",1061
"2015-01-15","serie_1",3610
"2015-01-16","serie_2",912
"2015-01-16","serie_1",3241
"2015-01-17","serie_2",732
"2015-01-17","serie_1",2588
"2015-01-18","serie_2",892
"2015-01-18","serie_1",3072
"2015-01-19","serie_2",1192
"2015-01-19","serie_1",4122
"2015-01-20","serie_1",3562
"2015-01-20","serie_2",1065
"2015-01-21","serie_1",3689
"2015-01-21","serie_2",1206
"2015-01-22","serie_2",1159
"2015-01-22","serie_1",3705
"2015-01-23","serie_2",949
"2015-01-23","serie_1",3266
"2015-01-24","serie_2",809
"2015-01-24","serie_1",2787
"2015-01-25","serie_1",3178
"2015-01-25","serie_2",922
"2015-01-26","serie_2",671
"2015-01-26","serie_1",2185
"2015-01-27","serie_1",4850
"2015-01-27","serie_2",1532
"2015-01-28","serie_1",3805
"2015-01-28","serie_2",1165
"2015-01-29","serie_2",1208
"2015-01-29","serie_1",3865
"2015-01-30","serie_2",952
"2015-01-30","serie_1",3168
"2015-01-31","serie_1",2783
"2015-01-31","serie_2",802
"2015-02-01","serie_2",809
"2015-02-01","serie_1",2815
"2015-02-02","serie_2",1199
"2015-02-02","serie_1",3911
"2015-02-03","serie_2",1093
"2015-02-03","serie_1",3596
"2015-02-04","serie_2",1141
"2015-02-04","serie_1",3577
"2015-02-05","serie_2",1151
"2015-02-05","serie_1",3650
"2015-02-06","serie_1",3051
"2015-02-06","serie_2",892
"2015-02-07","serie_1",2547
"2015-02-07","serie_2",738
"2015-02-08","serie_1",3142
"2015-02-08","serie_2",885
"2015-02-09","serie_1",3794
"2015-02-09","serie_2",1212
"2015-02-10","serie_1",3395
"2015-02-10","serie_2",1083
"2015-02-11","serie_2",1154
"2015-02-11","serie_1",3518
"2015-02-12","serie_2",1099
"2015-02-12","serie_1",3358
"2015-02-13","serie_1",2779
"2015-02-13","serie_2",827
"2015-02-14","serie_1",2125
"2015-02-14","serie_2",637
"2015-02-15","serie_1",2703
"2015-02-15","serie_2",810
"2015-02-16","serie_2",1124
"2015-02-16","serie_1",3673
"2015-02-17","serie_1",3289
"2015-02-17","serie_2",1041
"2015-02-18","serie_1",3485
"2015-02-18","serie_2",1092
"2015-02-19","serie_1",3432
"2015-02-19","serie_2",1006
"2015-02-20","serie_1",3084
"2015-02-20","serie_2",943
"2015-02-21","serie_1",2371
"2015-02-21","serie_2",682
"2015-02-22","serie_1",2983
"2015-02-22","serie_2",862
"2015-02-23","serie_2",1179
"2015-02-23","serie_1",3932
"2015-02-24","serie_2",1104
"2015-02-24","serie_1",3560
"2015-02-25","serie_2",1107
"2015-02-25","serie_1",3864
"2015-02-26","serie_2",1169
"2015-02-26","serie_1",3988
"2015-02-27","serie_1",3064
"2015-02-27","serie_2",910
"2015-02-28","serie_2",739
"2015-02-28","serie_1",2515
"2015-03-01","serie_1",3213
"2015-03-01","serie_2",903
"2015-03-02","serie_2",1264
"2015-03-02","serie_1",4132
"2015-03-03","serie_2",1110
"2015-03-03","serie_1",3662
"2015-03-04","serie_1",3921
"2015-03-04","serie_2",1164
"2015-03-05","serie_1",3751
"2015-03-05","serie_2",1091
"2015-03-06","serie_2",838
"2015-03-06","serie_1",3000
"2015-03-07","serie_2",616
"2015-03-07","serie_1",2183
"2015-03-08","serie_2",743
"2015-03-08","serie_1",2791
"2015-03-09","serie_1",3894
"2015-03-09","serie_2",1113
"2015-03-10","serie_1",3459
"2015-03-10","serie_2",934
"2015-03-11","serie_2",1030
"2015-03-11","serie_1",3509
"2015-03-12","serie_1",3462
"2015-03-12","serie_2",1001
"2015-03-13","serie_2",754
"2015-03-13","serie_1",2977
"2015-03-14","serie_2",627
"2015-03-14","serie_1",2390
"2015-03-15","serie_2",811
"2015-03-15","serie_1",3079
"2015-03-16","serie_2",1164
"2015-03-16","serie_1",3926
"2015-03-17","serie_2",1016
"2015-03-17","serie_1",3342
"2015-03-18","serie_2",1100
"2015-03-18","serie_1",3335
"2015-03-19","serie_1",3598
"2015-03-19","serie_2",1039
"2015-03-20","serie_2",854
"2015-03-20","serie_1",3055
"2015-03-21","serie_1",2458
"2015-03-21","serie_2",721
"2015-03-22","serie_1",2900
"2015-03-22","serie_2",836
"2015-03-23","serie_2",1250
"2015-03-23","serie_1",4484
"2015-03-24","serie_2",1186
"2015-03-24","serie_1",4373
"2015-03-25","serie_1",4448
"2015-03-25","serie_2",1193
"2015-03-26","serie_2",1200
"2015-03-26","serie_1",4482
"2015-03-27","serie_2",1124
"2015-03-27","serie_1",4106
"2015-03-28","serie_1",3268
"2015-03-28","serie_2",908
"2015-03-29","serie_1",4248
"2015-03-29","serie_2",1094
"2015-03-30","serie_1",4838
"2015-03-30","serie_2",1356
"2015-03-31","serie_1",4136
"2015-03-31","serie_2",1195
"2015-04-01","serie_2",1322
"2015-04-01","serie_1",4357
"2015-04-02","serie_2",1246
"2015-04-02","serie_1",4242
"2015-04-03","serie_2",917
"2015-04-03","serie_1",3547
"2015-04-04","serie_1",1493
"2015-04-04","serie_2",479
"2015-04-05","serie_2",7
"2015-04-05","serie_1",844
"2015-04-06","serie_1",3758
"2015-04-06","serie_2",1284
"2015-04-07","serie_2",1267
"2015-04-07","serie_1",4554
"2015-04-08","serie_1",4146
"2015-04-08","serie_2",1175
"2015-04-09","serie_1",4097
"2015-04-09","serie_2",1320
"2015-04-10","serie_1",3068
"2015-04-10","serie_2",912
"2015-04-11","serie_1",2552
"2015-04-11","serie_2",720
"2015-04-12","serie_1",3081
"2015-04-12","serie_2",862
"2015-04-13","serie_1",4263
"2015-04-13","serie_2",1287
"2015-04-14","serie_2",1029
"2015-04-14","serie_1",3400
"2015-04-15","serie_1",3611
"2015-04-15","serie_2",1029
"2015-04-16","serie_2",1100
"2015-04-16","serie_1",3716
"2015-04-17","serie_2",882
"2015-04-17","serie_1",3276
"2015-04-18","serie_1",2127
"2015-04-18","serie_2",578
"2015-04-19","serie_2",834
"2015-04-19","serie_1",3062
"2015-04-20","serie_1",4265
"2015-04-20","serie_2",1175
"2015-04-21","serie_1",3686
"2015-04-21","serie_2",1090
"2015-04-22","serie_1",3978
"2015-04-22","serie_2",1157
"2015-04-23","serie_2",1136
"2015-04-23","serie_1",3824
"2015-04-24","serie_1",3327
"2015-04-24","serie_2",924
"2015-04-25","serie_2",820
"2015-04-25","serie_1",2832
"2015-04-26","serie_2",796
"2015-04-26","serie_1",2552
"2015-04-27","serie_2",1046
"2015-04-27","serie_1",3641
"2015-04-28","serie_1",4631
"2015-04-28","serie_2",1328
"2015-04-29","serie_2",1339
"2015-04-29","serie_1",4658
"2015-04-30","serie_1",3873
"2015-04-30","serie_2",1109
"2015-05-01","serie_1",3052
"2015-05-01","serie_2",862
"2015-05-02","serie_2",712
"2015-05-02","serie_1",2520
"2015-05-03","serie_2",1078
"2015-05-03","serie_1",4174
"2015-05-04","serie_2",1164
"2015-05-04","serie_1",4072
"2015-05-05","serie_2",1000
"2015-05-05","serie_1",4018
"2015-05-06","serie_2",1526
"2015-05-06","serie_1",5122
"2015-05-07","serie_1",4738
"2015-05-07","serie_2",1406
"2015-05-08","serie_1",3613
"2015-05-08","serie_2",1042
"2015-05-09","serie_2",785
"2015-05-09","serie_1",2698
"2015-05-10","serie_1",2913
"2015-05-10","serie_2",823
"2015-05-11","serie_2",1288
"2015-05-11","serie_1",4369
"2015-05-12","serie_1",4249
"2015-05-12","serie_2",1270
"2015-05-13","serie_2",826
"2015-05-13","serie_1",2989
"2015-05-14","serie_2",10
"2015-05-14","serie_1",1455
"2015-05-15","serie_2",1763
"2015-05-15","serie_1",5130
"2015-05-16","serie_2",780
"2015-05-16","serie_1",2652
"2015-05-17","serie_1",3259
"2015-05-17","serie_2",915
"2015-05-18","serie_1",4527
"2015-05-18","serie_2",1341
"2015-05-19","serie_2",1237
"2015-05-19","serie_1",4042
"2015-05-20","serie_1",4285
"2015-05-20","serie_2",1345
"2015-05-21","serie_1",4252
"2015-05-21","serie_2",1281
"2015-05-22","serie_2",1133
"2015-05-22","serie_1",3875
"2015-05-23","serie_1",2045
"2015-05-23","serie_2",646
"2015-05-24","serie_1",988
"2015-05-24","serie_2",7
"2015-05-25","serie_2",1556
"2015-05-25","serie_1",4130
"2015-05-26","serie_2",1561
"2015-05-26","serie_1",4711
"2015-05-27","serie_2",1422
"2015-05-27","serie_1",4641
"2015-05-28","serie_1",4599
"2015-05-28","serie_2",1392
"2015-05-29","serie_1",3645
"2015-05-29","serie_2",1112
"2015-05-30","serie_1",2554
"2015-05-30","serie_2",778
"2015-05-31","serie_2",1160
"2015-05-31","serie_1",3775
"2015-06-01","serie_2",1522
"2015-06-01","serie_1",4631
"2015-06-02","serie_1",4421
"2015-06-02","serie_2",1451
"2015-06-03","serie_1",4794
"2015-06-03","serie_2",1437
"2015-06-04","serie_1",4102
"2015-06-04","serie_2",1230
"2015-06-05","serie_2",925
"2015-06-05","serie_1",3183
"2015-06-06","serie_2",656
"2015-06-06","serie_1",2199
"2015-06-07","serie_1",3071
"2015-06-07","serie_2",977
"2015-06-08","serie_1",4451
"2015-06-08","serie_2",1503
"2015-06-09","serie_1",4237
"2015-06-09","serie_2",1456
"2015-06-10","serie_1",4290
"2015-06-10","serie_2",1488
"2015-06-11","serie_2",1390
"2015-06-11","serie_1",4180
"2015-06-12","serie_2",1128
"2015-06-12","serie_1",3464
"2015-06-13","serie_1",2600
"2015-06-13","serie_2",851
"2015-06-14","serie_2",1183
"2015-06-14","serie_1",3390
"2015-06-15","serie_2",1602
"2015-06-15","serie_1",4580
"2015-06-16","serie_2",1596
"2015-06-16","serie_1",4251
"2015-06-17","serie_2",1609
"2015-06-17","serie_1",4235
"2015-06-18","serie_2",1591
"2015-06-18","serie_1",4412
"2015-06-19","serie_2",1332
"2015-06-19","serie_1",3772
"2015-06-20","serie_1",2552
"2015-06-20","serie_2",877
"2015-06-21","serie_1",3394
"2015-06-21","serie_2",1224
"2015-06-22","serie_2",1732
"2015-06-22","serie_1",4645
"2015-06-23","serie_1",4256
"2015-06-23","serie_2",1522
"2015-06-24","serie_1",4283
"2015-06-24","serie_2",1726
"2015-06-25","serie_2",1505
"2015-06-25","serie_1",4087
"2015-06-26","serie_1",3664
"2015-06-26","serie_2",1159
"2015-06-27","serie_1",2469
"2015-06-27","serie_2",785
"2015-06-28","serie_2",1680
"2015-06-28","serie_1",4709
"2015-06-29","serie_1",6794
"2015-06-29","serie_2",1894
"2015-06-30","serie_2",1576
"2015-06-30","serie_1",5148
"2015-07-01","serie_2",1639
"2015-07-01","serie_1",5942
"2015-07-02","serie_2",1478
"2015-07-02","serie_1",5330
"2015-07-03","serie_1",4439
"2015-07-03","serie_2",1171
"2015-07-04","serie_2",786
"2015-07-04","serie_1",3096
"2015-07-05","serie_1",3747
"2015-07-05","serie_2",1229
"2015-07-06","serie_2",1642
"2015-07-06","serie_1",5128
"2015-07-07","serie_1",4836
"2015-07-07","serie_2",1586
"2015-07-08","serie_1",5217
"2015-07-08","serie_2",1682
"2015-07-09","serie_1",4859
"2015-07-09","serie_2",1648
"2015-07-10","serie_1",3521
"2015-07-10","serie_2",1170
"2015-07-11","serie_2",812
"2015-07-11","serie_1",2434
"2015-07-12","serie_1",3630
"2015-07-12","serie_2",1331
"2015-07-13","serie_1",5328
"2015-07-13","serie_2",1856
"2015-07-14","serie_2",1608
"2015-07-14","serie_1",4592
"2015-07-15","serie_1",4676
"2015-07-15","serie_2",1571
"2015-07-16","serie_2",1375
"2015-07-16","serie_1",4236
"2015-07-17","serie_1",3499
"2015-07-17","serie_2",1053
"2015-07-18","serie_1",2454
"2015-07-18","serie_2",743
"2015-07-19","serie_1",3517
"2015-07-19","serie_2",1204
"2015-07-20","serie_2",1535
"2015-07-20","serie_1",4779
"2015-07-21","serie_2",1180
"2015-07-21","serie_1",3728
"2015-07-22","serie_1",4256
"2015-07-22","serie_2",1474
"2015-07-23","serie_1",4309
"2015-07-23","serie_2",1496
"2015-07-24","serie_1",3724
"2015-07-24","serie_2",1302
"2015-07-25","serie_1",2974
"2015-07-25","serie_2",1049
"2015-07-26","serie_1",3765
"2015-07-26","serie_2",1264
"2015-07-27","serie_2",1952
"2015-07-27","serie_1",5752
"2015-07-28","serie_2",1652
"2015-07-28","serie_1",5106
"2015-07-29","serie_1",5419
"2015-07-29","serie_2",1789
"2015-07-30","serie_1",5304
"2015-07-30","serie_2",1772
"2015-07-31","serie_2",1294
"2015-07-31","serie_1",4154
"2015-08-01","serie_2",739
"2015-08-01","serie_1",2453
"2015-08-02","serie_1",3020
"2015-08-02","serie_2",1047
"2015-08-03","serie_2",1480
"2015-08-03","serie_1",4567
"2015-08-04","serie_2",1480
"2015-08-04","serie_1",4479
"2015-08-05","serie_2",1542
"2015-08-05","serie_1",4248
"2015-08-06","serie_2",1475
"2015-08-06","serie_1",4506
"2015-08-07","serie_2",1207
"2015-08-07","serie_1",3790
"2015-08-08","serie_2",774
"2015-08-08","serie_1",2488
"2015-08-09","serie_1",3491
"2015-08-09","serie_2",1112
"2015-08-10","serie_1",5396
"2015-08-10","serie_2",1632
"2015-08-11","serie_1",4717
"2015-08-11","serie_2",1416
"2015-08-12","serie_1",4736
"2015-08-12","serie_2",1453
"2015-08-13","serie_1",4584
"2015-08-13","serie_2",1443
"2015-08-14","serie_2",1100
"2015-08-14","serie_1",3868
"2015-08-15","serie_2",910
"2015-08-15","serie_1",3045
"2015-08-16","serie_2",1230
"2015-08-16","serie_1",4219
"2015-08-17","serie_1",5954
"2015-08-17","serie_2",1833
"2015-08-18","serie_2",1582
"2015-08-18","serie_1",4947
"2015-08-19","serie_1",4603
"2015-08-19","serie_2",1511
"2015-08-20","serie_2",1577
"2015-08-20","serie_1",4907
"2015-08-21","serie_2",1224
"2015-08-21","serie_1",4020
"2015-08-22","serie_2",774
"2015-08-22","serie_1",2618
"2015-08-23","serie_1",3914
"2015-08-23","serie_2",1206
"2015-08-24","serie_1",6273
"2015-08-24","serie_2",2020
"2015-08-25","serie_1",5906
"2015-08-25","serie_2",1814
"2015-08-26","serie_1",5906
"2015-08-26","serie_2",1840
"2015-08-27","serie_1",6148
"2015-08-27","serie_2",1829
"2015-08-28","serie_1",4689
"2015-08-28","serie_2",1371
"2015-08-29","serie_2",886
"2015-08-29","serie_1",2996
"2015-08-30","serie_1",4059
"2015-08-30","serie_2",1285
"2015-08-31","serie_2",1897
"2015-08-31","serie_1",6136
"2015-09-01","serie_1",5494
"2015-09-01","serie_2",1746
"2015-09-02","serie_1",5579
"2015-09-02","serie_2",1740
"2015-09-03","serie_1",5634
"2015-09-03","serie_2",1698
"2015-09-04","serie_1",4611
"2015-09-04","serie_2",1338
"2015-09-05","serie_1",3398
"2015-09-05","serie_2",971
"2015-09-06","serie_2",1272
"2015-09-06","serie_1",4310
"2015-09-07","serie_1",5676
"2015-09-07","serie_2",1743
"2015-09-08","serie_2",1411
"2015-09-08","serie_1",4906
"2015-09-09","serie_2",1561
"2015-09-09","serie_1",4857
"2015-09-10","serie_1",5058
"2015-09-10","serie_2",1499
"2015-09-11","serie_1",3894
"2015-09-11","serie_2",1175
"2015-09-12","serie_1",2870
"2015-09-12","serie_2",876
"2015-09-13","serie_2",1221
"2015-09-13","serie_1",3952
"2015-09-14","serie_2",1689
"2015-09-14","serie_1",5488
"2015-09-15","serie_1",4921
"2015-09-15","serie_2",1496
"2015-09-16","serie_2",1605
"2015-09-16","serie_1",5138
"2015-09-17","serie_1",5262
"2015-09-17","serie_2",1513
"2015-09-18","serie_2",1190
"2015-09-18","serie_1",4359
"2015-09-19","serie_2",829
"2015-09-19","serie_1",2872
"2015-09-20","serie_2",1155
"2015-09-20","serie_1",3881
"2015-09-21","serie_1",5328
"2015-09-21","serie_2",1571
"2015-09-22","serie_2",1437
"2015-09-22","serie_1",5069
"2015-09-23","serie_2",1838
"2015-09-23","serie_1",5249
"2015-09-24","serie_1",5459
"2015-09-24","serie_2",1546
"2015-09-25","serie_2",1288
"2015-09-25","serie_1",4697
"2015-09-26","serie_2",874
"2015-09-26","serie_1",3070
"2015-09-27","serie_2",1173
"2015-09-27","serie_1",4239
"2015-09-28","serie_1",5551
"2015-09-28","serie_2",1602
"2015-09-29","serie_1",5463
"2015-09-29","serie_2",1542
"2015-09-30","serie_1",5315
"2015-09-30","serie_2",1516
"2015-10-01","serie_2",1532
"2015-10-01","serie_1",5149
"2015-10-02","serie_2",1176
"2015-10-02","serie_1",4603
"2015-10-03","serie_1",2946
"2015-10-03","serie_2",832
"2015-10-04","serie_1",4128
"2015-10-04","serie_2",1143
"2015-10-05","serie_1",5669
"2015-10-05","serie_2",1684
"2015-10-06","serie_2",1563
"2015-10-06","serie_1",5288
"2015-10-07","serie_1",5419
"2015-10-07","serie_2",1564
"2015-10-08","serie_1",5345
"2015-10-08","serie_2",1608
"2015-10-09","serie_1",4420
"2015-10-09","serie_2",1367
"2015-10-10","serie_2",843
"2015-10-10","serie_1",2874
"2015-10-11","serie_2",1239
"2015-10-11","serie_1",4057
"2015-10-12","serie_1",5318
"2015-10-12","serie_2",1621
"2015-10-13","serie_1",4947
"2015-10-13","serie_2",1448
"2015-10-14","serie_1",4899
"2015-10-14","serie_2",1459
"2015-10-15","serie_1",5067
"2015-10-15","serie_2",1458
"2015-10-16","serie_2",1204
"2015-10-16","serie_1",4210
"2015-10-17","serie_1",2979
"2015-10-17","serie_2",832
"2015-10-18","serie_2",1129
"2015-10-18","serie_1",4063
"2015-10-19","serie_1",5112
"2015-10-19","serie_2",1491
"2015-10-20","serie_1",4894
"2015-10-20","serie_2",1436
"2015-10-21","serie_1",5091
"2015-10-21","serie_2",1399
"2015-10-22","serie_1",5112
"2015-10-22","serie_2",1492
"2015-10-23","serie_1",4401
"2015-10-23","serie_2",1206
"2015-10-24","serie_2",802
"2015-10-24","serie_1",2921
"2015-10-25","serie_1",4168
"2015-10-25","serie_2",1199
"2015-10-26","serie_1",5194
"2015-10-26","serie_2",1565
"2015-10-27","serie_2",1526
"2015-10-27","serie_1",5226
"2015-10-28","serie_2",1576
"2015-10-28","serie_1",5142
"2015-10-29","serie_2",1629
"2015-10-29","serie_1",5355
"2015-10-30","serie_1",4639
"2015-10-30","serie_2",1331
"2015-10-31","serie_2",811
"2015-10-31","serie_1",2880
"2015-11-01","serie_1",4068
"2015-11-01","serie_2",1119
"2015-11-02","serie_1",5787
"2015-11-02","serie_2",1635
"2015-11-03","serie_2",1475
"2015-11-03","serie_1",5269
"2015-11-04","serie_2",1547
"2015-11-04","serie_1",5145
"2015-11-05","serie_1",5730
"2015-11-05","serie_2",1843
"2015-11-06","serie_2",1431
"2015-11-06","serie_1",4843
"2015-11-07","serie_1",3386
"2015-11-07","serie_2",994
"2015-11-08","serie_2",1277
"2015-11-08","serie_1",4681
"2015-11-09","serie_2",1936
"2015-11-09","serie_1",5928
"2015-11-10","serie_1",4700
"2015-11-10","serie_2",1408
"2015-11-11","serie_2",1450
"2015-11-11","serie_1",5111
"2015-11-12","serie_1",5669
"2015-11-12","serie_2",1598
"2015-11-13","serie_1",5054
"2015-11-13","serie_2",1302
"2015-11-14","serie_1",3280
"2015-11-14","serie_2",850
"2015-11-15","serie_2",1225
"2015-11-15","serie_1",4891
